{"cameraMode":{"drawMode":0,"name":"Shaded","section":"Shading Mode"},"sceneLighting":false,"audioPlay":false,"sceneViewState":{"showFog":true,"showMaterialUpdate":false,"showSkybox":false,"showFlares":true,"showImageEffects":true,"showParticleSystems":true},"in2DMode":false,"pivot":{"x":419.244384765625,"y":-28.71335792541504,"z":20.37939453125},"rotation":{"x":0.29452937841415408,"y":-0.6431528329849243,"z":0.29488420486450198,"w":0.6423790454864502},"size":3001.12646484375,"orthographic":false}