{"cameraMode":{"drawMode":0,"name":"Shaded","section":"Shading Mode"},"sceneLighting":false,"audioPlay":false,"sceneViewState":{"showFog":true,"showMaterialUpdate":false,"showSkybox":false,"showFlares":true,"showImageEffects":true,"showParticleSystems":true},"in2DMode":false,"pivot":{"x":-1.4600000381469727,"y":7.5279998779296879,"z":0.0},"rotation":{"x":0.29452937841415408,"y":-0.6431528329849243,"z":0.29488420486450198,"w":0.6423790454864502},"size":5.7157673835754398,"orthographic":false}