{"cameraMode":{"drawMode":0,"name":"Shaded","section":"Shading Mode"},"sceneLighting":false,"audioPlay":false,"sceneViewState":{"showFog":true,"showMaterialUpdate":false,"showSkybox":false,"showFlares":true,"showImageEffects":true,"showParticleSystems":true},"in2DMode":false,"pivot":{"x":-4857.84326171875,"y":1100.953369140625,"z":51.315086364746097},"rotation":{"x":0.040539491921663287,"y":0.9549502730369568,"z":-0.15458957850933076,"w":0.25015711784362795},"size":7.26010274887085,"orthographic":false}