{"cameraMode":{"drawMode":0,"name":"Shaded","section":"Shading Mode"},"sceneLighting":false,"audioPlay":false,"sceneViewState":{"showFog":true,"showMaterialUpdate":false,"showSkybox":false,"showFlares":true,"showImageEffects":true,"showParticleSystems":true},"in2DMode":false,"pivot":{"x":2.2958953380584719,"y":2.792384624481201,"z":-0.5761800408363342},"rotation":{"x":-0.08092302829027176,"y":-0.7818604111671448,"z":0.1038036048412323,"w":-0.6094356179237366},"size":13.847615242004395,"orthographic":false}