{"cameraMode":{"drawMode":0,"name":"Shaded","section":"Shading Mode"},"sceneLighting":false,"audioPlay":false,"sceneViewState":{"showFog":true,"showMaterialUpdate":false,"showSkybox":false,"showFlares":true,"showImageEffects":true,"showParticleSystems":true},"in2DMode":false,"pivot":{"x":2.2958953380584719,"y":2.792384624481201,"z":-0.5761800408363342},"rotation":{"x":-0.11329855769872666,"y":-0.8696500658988953,"z":0.23507092893123628,"w":-0.4191175401210785},"size":14.6690673828125,"orthographic":false}